<?xml version="1.0" encoding="UTF-8"?>

<mule xmlns:data-mapper="http://www.mulesoft.org/schema/mule/ee/data-mapper" xmlns:http="http://www.mulesoft.org/schema/mule/http" xmlns:json="http://www.mulesoft.org/schema/mule/json" xmlns:db="http://www.mulesoft.org/schema/mule/db" xmlns:tracking="http://www.mulesoft.org/schema/mule/ee/tracking" xmlns="http://www.mulesoft.org/schema/mule/core" xmlns:doc="http://www.mulesoft.org/schema/mule/documentation"
	xmlns:spring="http://www.springframework.org/schema/beans" version="EE-3.5.2"
	xmlns:xsi="http://www.w3.org/2001/XMLSchema-instance"
	xsi:schemaLocation="http://www.springframework.org/schema/beans http://www.springframework.org/schema/beans/spring-beans-current.xsd
http://www.mulesoft.org/schema/mule/core http://www.mulesoft.org/schema/mule/core/current/mule.xsd
http://www.mulesoft.org/schema/mule/http http://www.mulesoft.org/schema/mule/http/current/mule-http.xsd
http://www.mulesoft.org/schema/mule/db http://www.mulesoft.org/schema/mule/db/current/mule-db.xsd
http://www.mulesoft.org/schema/mule/json http://www.mulesoft.org/schema/mule/json/current/mule-json.xsd
http://www.mulesoft.org/schema/mule/ee/tracking http://www.mulesoft.org/schema/mule/ee/tracking/current/mule-tracking-ee.xsd
http://www.mulesoft.org/schema/mule/ee/data-mapper http://www.mulesoft.org/schema/mule/ee/data-mapper/current/mule-data-mapper.xsd">
    <db:mysql-config name="MySQL_Configuration" host="training.cpk4jjb2mzwd.us-west-2.rds.amazonaws.com" port="3306" user="ReaderAccount" password="learnmule" database="training" doc:name="MySQL Configuration"/>
    <data-mapper:config name="List_Map__To_Pojo" transformationGraphPath="list_map__to_pojo.grf" doc:name="List_Map__To_Pojo"/>
    <flow name="lab3.1Flow2" doc:name="lab3.1Flow2">
        <http:inbound-endpoint exchange-pattern="request-response" host="localhost" port="8081" path="american2" doc:name="HTTP"/>
        <db:select config-ref="MySQL_Configuration" doc:name="Database">
            <db:parameterized-query><![CDATA[select 	* 
from 	currentFlights
where	destination = 'SFO';]]></db:parameterized-query>
        </db:select>
        <data-mapper:transform config-ref="List_Map__To_Pojo" doc:name="List&lt;Map&gt; To Pojo"/>
        <response>
            <json:object-to-json-transformer doc:name="Object to JSON"/>
        </response>
        <logger level="INFO" doc:name="Logger"/>
    </flow>
    <flow name="lab3.1Flow1" doc:name="lab3.1Flow1">
        <http:inbound-endpoint exchange-pattern="request-response" host="localhost" port="8081" path="american" doc:name="HTTP"/>
        <db:select config-ref="MySQL_Configuration" doc:name="Database">
            <db:parameterized-query><![CDATA[select 	* 
from 	currentFlights
where	destination = 'SFO';]]></db:parameterized-query>
        </db:select>
        <json:object-to-json-transformer doc:name="Object to JSON"/>
    </flow>
</mule>
